{"cameraMode":{"drawMode":0,"name":"Shaded","section":"Shading Mode"},"sceneLighting":true,"audioPlay":false,"sceneViewState":{"m_AlwaysRefresh":false,"showFog":true,"showSkybox":true,"showFlares":true,"showImageEffects":true,"showParticleSystems":true,"showVisualEffectGraphs":true,"m_FxEnabled":true},"in2DMode":false,"pivot":{"x":-1.1060233116149903,"y":0.46718382835388186,"z":-0.24903512001037599},"rotation":{"x":0.11005286127328873,"y":-0.8869725465774536,"z":0.27611851692199709,"w":0.35339465737342837},"size":7.5851569175720219,"orthographic":false}